{"val_loss":{"0":0.1342343877,"1":0.0996165162,"2":0.0829727539,"3":0.0783400254,"4":0.078633974,"5":0.0785216842,"6":0.0836235873,"7":0.070096177,"8":0.0780481483,"9":0.0723832275,"10":0.0913877195,"11":0.0730282573,"12":0.0692521548,"13":0.0754886999,"14":0.0809064121,"15":0.0747737399,"16":0.069241813,"17":0.0745344192,"18":0.0706069437,"19":0.0654043532,"20":0.0812489547,"21":0.0744904636,"22":0.0668990319,"23":0.0852352834,"24":0.0701549181,"25":0.0965963167,"26":0.081479786,"27":0.0752964716,"28":0.0792141094,"29":0.0831068728,"30":0.0838335746,"31":0.0702070505,"32":0.0764441441,"33":0.0920958228,"34":0.0942291647,"35":0.0860456102,"36":0.0894495492,"37":0.084509274,"38":0.0929573264,"39":0.0817119692,"40":0.0891784374,"41":0.0856414807,"42":0.0931610849,"43":0.078581542,"44":0.0931284374,"45":0.0762080996,"46":0.0923910655,"47":0.0840790086,"48":0.0891003279,"49":0.0823390202,"50":0.0884210019,"51":0.0858450525,"52":0.0828661978,"53":0.0797960122,"54":0.0820971625,"55":0.1022735666,"56":0.0826808745,"57":0.0803189791,"58":0.0747238861,"59":0.0845879043,"60":0.0857956411,"61":0.0831514174,"62":0.0803057996,"63":0.0839353032,"64":0.0843706006,"65":0.0804501697,"66":0.0804649686,"67":0.0934759484,"68":0.0848181122,"69":0.0877651423,"70":0.0871868034,"71":0.0840795936,"72":0.08376772,"73":0.0851217487,"74":0.0810060247,"75":0.0848676473,"76":0.092523505,"77":0.0865294032,"78":0.0856270529,"79":0.0880924687,"80":0.0915091263,"81":0.0885148601,"82":0.0851190213,"83":0.0843843837,"84":0.0953102303,"85":0.0914224716,"86":0.1091452495,"87":0.0986957745,"88":0.0965684744,"89":0.0978695067,"90":0.0945947666,"91":0.0906514822,"92":0.0961520986,"93":0.094166045,"94":0.1084253398,"95":0.1033545672,"96":0.0902693744,"97":0.0922730609,"98":0.0984012741,"99":0.0902448626},"val_accuracy":{"0":0.959100008,"1":0.9692999721,"2":0.975300014,"3":0.9778000116,"4":0.9781000018,"5":0.9789000154,"6":0.978399992,"7":0.9825000167,"8":0.9800999761,"9":0.9822000265,"10":0.977699995,"11":0.9811999798,"12":0.9828000069,"13":0.9822000265,"14":0.9817000031,"15":0.9843999743,"16":0.9842000008,"17":0.9824000001,"18":0.9840000272,"19":0.9854999781,"20":0.9828000069,"21":0.9850999713,"22":0.9847999811,"23":0.9829999804,"24":0.9848999977,"25":0.9829999804,"26":0.9842000008,"27":0.9860000014,"28":0.9847999811,"29":0.9836999774,"30":0.9835000038,"31":0.9866999984,"32":0.9855999947,"33":0.9850000143,"34":0.9836000204,"35":0.9840999842,"36":0.9825999737,"37":0.9851999879,"38":0.9848999977,"39":0.9854999781,"40":0.9846000075,"41":0.9857000113,"42":0.9843999743,"43":0.9864000082,"44":0.983099997,"45":0.9865000248,"46":0.9850999713,"47":0.9860000014,"48":0.9840000272,"49":0.9854999781,"50":0.9854000211,"51":0.9855999947,"52":0.986199975,"53":0.9854000211,"54":0.9858999848,"55":0.9854000211,"56":0.9858000278,"57":0.986100018,"58":0.9862999916,"59":0.9864000082,"60":0.9850999713,"61":0.986199975,"62":0.9876000285,"63":0.9858000278,"64":0.9860000014,"65":0.9864000082,"66":0.9864000082,"67":0.9855999947,"68":0.986800015,"69":0.986899972,"70":0.9864000082,"71":0.9864000082,"72":0.9866999984,"73":0.986800015,"74":0.9865000248,"75":0.9854000211,"76":0.9857000113,"77":0.986800015,"78":0.9873999953,"79":0.9865000248,"80":0.9858999848,"81":0.9866999984,"82":0.9879999757,"83":0.9862999916,"84":0.9864000082,"85":0.9857000113,"86":0.9848999977,"87":0.9850999713,"88":0.9854999781,"89":0.9875000119,"90":0.986800015,"91":0.9879999757,"92":0.9858999848,"93":0.9873999953,"94":0.9854999781,"95":0.9871000051,"96":0.986899972,"97":0.986199975,"98":0.9865000248,"99":0.9858999848},"loss":{"0":0.334906002,"1":0.1546520131,"2":0.1156336152,"3":0.0949115012,"4":0.0765610195,"5":0.0677963939,"6":0.0579704542,"7":0.0496214285,"8":0.0459379856,"9":0.0415244676,"10":0.0390925399,"11":0.0353234641,"12":0.0314318608,"13":0.0290781914,"14":0.0274461326,"15":0.0243860066,"16":0.0243092736,"17":0.0245619183,"18":0.0186911088,"19":0.0204605229,"20":0.0191340387,"21":0.0172096402,"22":0.0162781667,"23":0.0158371484,"24":0.0153638331,"25":0.010528908,"26":0.0162065297,"27":0.0107648332,"28":0.0116068837,"29":0.0111461663,"30":0.0125163856,"31":0.0106836335,"32":0.010840426,"33":0.0083221523,"34":0.0108115548,"35":0.0118766439,"36":0.0087658621,"37":0.0088782203,"38":0.0062227152,"39":0.0089628359,"40":0.0084949887,"41":0.0071339572,"42":0.0092050189,"43":0.0069538171,"44":0.0084508542,"45":0.0068358174,"46":0.0049447877,"47":0.0081820887,"48":0.0083824533,"49":0.0055831365,"50":0.0054298569,"51":0.0079048495,"52":0.0036370401,"53":0.0063790008,"54":0.0043534789,"55":0.0038963664,"56":0.0069798097,"57":0.0062547938,"58":0.0069881135,"59":0.003966661,"60":0.0062340736,"61":0.0030277487,"62":0.0038699091,"63":0.0042248519,"64":0.0053619491,"65":0.0079004717,"66":0.0050907235,"67":0.0022929641,"68":0.0021898636,"69":0.0028879833,"70":0.0044510082,"71":0.0039589078,"72":0.0036746979,"73":0.0059218018,"74":0.0077252041,"75":0.0044638544,"76":0.0042068672,"77":0.0021551539,"78":0.0031449937,"79":0.0037954179,"80":0.002695813,"81":0.0032853966,"82":0.0034646912,"83":0.0039147543,"84":0.0031825636,"85":0.0029899176,"86":0.0039936194,"87":0.0042391474,"88":0.0032350316,"89":0.0027326896,"90":0.0034919005,"91":0.0015956486,"92":0.004363814,"93":0.0041836344,"94":0.0040752695,"95":0.002892249,"96":0.0042758811,"97":0.003978188,"98":0.0034289524,"99":0.0030774656},"accuracy":{"0":0.8972399831,"1":0.9552199841,"2":0.966359973,"3":0.9727399945,"4":0.9776600003,"5":0.9797000289,"6":0.9830600023,"7":0.9852799773,"8":0.9863600135,"9":0.9876400232,"10":0.9881799817,"11":0.9895799756,"12":0.9903200269,"13":0.9912400246,"14":0.9912599921,"15":0.9923200011,"16":0.9925799966,"17":0.9922599792,"18":0.9947000146,"19":0.9938399792,"20":0.9939399958,"21":0.9948199987,"22":0.9957399964,"23":0.9952200055,"24":0.9952399731,"25":0.9964399934,"26":0.9952800274,"27":0.9965999722,"28":0.9962400198,"29":0.9966800213,"30":0.9962400198,"31":0.9968799949,"32":0.9971399903,"33":0.9975799918,"34":0.9966400266,"35":0.9963799715,"36":0.9971399903,"37":0.997420013,"38":0.9980999827,"39":0.9972199798,"40":0.997420013,"41":0.997600019,"42":0.9973400235,"43":0.9980199933,"44":0.9976199865,"45":0.998059988,"46":0.998759985,"47":0.9976199865,"48":0.9976199865,"49":0.9984400272,"50":0.9983000159,"51":0.9977200031,"52":0.9990000129,"53":0.9978600144,"54":0.9987199903,"55":0.9987999797,"56":0.9981399775,"57":0.9980400205,"58":0.9982600212,"59":0.9986400008,"60":0.9983199835,"61":0.9990199804,"62":0.9988999963,"63":0.998660028,"64":0.9982600212,"65":0.997780025,"66":0.9988800287,"67":0.9993000031,"68":0.9994199872,"69":0.9990400076,"70":0.9987800121,"71":0.9990400076,"72":0.9987800121,"73":0.998239994,"74":0.9982200265,"75":0.9984999895,"76":0.9988600016,"77":0.9992399812,"78":0.9989600182,"79":0.9989200234,"80":0.9991400242,"81":0.9989600182,"82":0.998939991,"83":0.9988399744,"84":0.9988999963,"85":0.9990199804,"86":0.9989600182,"87":0.9987999797,"88":0.9989799857,"89":0.9993399978,"90":0.9991000295,"91":0.9995200038,"92":0.9988200068,"93":0.9987400174,"94":0.9987800121,"95":0.9988800287,"96":0.998759985,"97":0.9988999963,"98":0.9991599917,"99":0.9990400076}}